angle_deg,sin_prediction,sin_actual,sin_abs_error,cos_prediction,cos_actual,cos_abs_error,invoke_ms
0,-0.00796,0.00000,0.00796,1.02677,1.00000,0.02677,0.618
30,0.50144,0.50000,0.00144,0.87554,0.86603,0.00951,0.283
45,0.70839,0.70711,0.00128,0.71635,0.70711,0.00924,0.279
60,0.87554,0.86603,0.00951,0.50144,0.50000,0.00144,0.283
90,0.99493,1.00000,0.00507,-0.00796,-0.00000,0.00796,0.291
120,0.85962,0.86603,0.00641,-0.49349,-0.50000,0.00651,0.283
180,-0.01592,-0.00000,0.01592,-0.98697,-1.00000,0.01303,0.291
225,-0.70839,-0.70711,0.00128,-0.70043,-0.70711,0.00668,0.311
270,-1.00289,-1.00000,0.00289,0.00796,0.00000,0.00796,0.299
315,-0.70043,-0.70711,0.00668,0.72431,0.70711,0.01720,0.307
360,0.00796,0.00000,0.00796,1.01881,1.00000,0.01881,0.299
